pdv_id,mes,categoria_id,valor
0,2021-08,57,635.71
0,2021-08,138,1043.84
0,2021-08,69,922.50
0,2021-08,143,1231.00
0,2021-09,138,3888.72
0,2021-09,57,1183.37
0,2021-09,128,1644.94
0,2021-09,143,1330.19
0,2021-10,140,309.21
0,2021-10,130,2828.29
0,2021-10,138,2133.06
0,2021-10,69,643.08
0,2021-10,57,684.52
0,2021-10,128,1077.47
0,2021-11,139,387.99
0,2021-11,128,153.21
0,2021-11,143,681.61
0,2021-11,138,1245.51
0,2021-11,57,762.60
0,2021-11,130,978.82
0,2021-11,140,0.00
0,2021-12,69,379.95
0,2021-12,140,1196.76
0,2021-12,128,2540.81
0,2021-12,138,837.41
0,2021-12,57,1460.49
0,2021-12,143,367.00
0,2022-01,69,80.03
0,2022-01,138,75.40
0,2022-01,128,832.12
0,2022-01,143,782.00
0,2022-01,130,879.01
0,2022-01,140,108.81
0,2022-01,139,1367.90
0,2022-02,138,136.86
0,2022-02,57,1409.39
0,2022-02,130,762.02
0,2022-02,69,265.53
0,2022-04,138,1463.58
0,2022-04,143,1304.84
0,2022-04,140,568.52
0,2022-04,57,720.79
0,2022-04,69,391.06
0,2022-05,140,257.40
0,2022-05,138,1585.76
0,2022-05,143,235.45
0,2022-05,69,486.49
0,2022-05,128,171.36
0,2022-05,139,205.78
0,2022-05,57,1289.85
0,2022-06,140,640.93
0,2022-06,128,949.50
0,2022-06,139,670.51
0,2022-06,138,749.64
0,2022-07,139,124.43
0,2022-07,57,448.23
0,2022-07,138,187.28
0,2022-07,128,1275.94
0,2022-07,143,344.68
0,2022-08,130,1409.30
0,2022-08,69,2141.23
0,2022-08,140,133.44
0,2022-08,139,418.92
0,2022-08,138,56.43
0,2022-08,143,242.26
0,2022-08,57,836.41
0,2022-09,143,1084.60
0,2022-09,128,647.17
0,2022-09,57,1630.82
0,2022-09,130,405.47
0,2022-10,69,30.34
0,2022-10,130,3762.36
0,2022-10,140,304.98
0,2022-10,57,355.47
0,2022-11,128,867.37
0,2022-11,139,1435.45
0,2022-11,57,1095.03
0,2022-11,143,2721.31
0,2022-11,138,825.60
0,2022-12,139,1323.11
0,2022-12,143,181.89
0,2022-12,138,815.09
0,2022-12,140,425.36
0,2022-12,128,1174.51
0,2022-12,57,734.46
0,2023-01,138,322.83
0,2023-01,57,951.61
0,2023-01,139,414.07
0,2023-01,69,316.07
0,2023-01,143,409.99
0,2023-02,138,379.23
0,2023-02,69,1230.52
0,2023-02,139,648.13
0,2023-02,128,408.41
0,2023-02,130,303.35
0,2023-02,57,1152.45
0,2023-02,140,381.04
0,2023-03,140,475.82
0,2023-03,128,387.06
0,2023-03,143,1063.58
0,2023-03,138,1066.49
0,2023-04,138,90.32
0,2023-04,130,159.76
0,2023-04,69,816.71
0,2023-04,140,241.92
0,2023-04,57,160.05
0,2023-04,143,502.44
0,2023-05,138,727.54
0,2023-05,128,494.64
0,2023-05,139,414.92
0,2023-05,130,696.80
0,2023-05,57,446.97
0,2023-05,69,653.83
0,2023-06,138,1182.13
0,2023-06,143,159.37
0,2023-06,69,682.66
0,2023-06,130,464.51
0,2023-06,57,974.79
0,2023-07,138,454.96
0,2023-07,57,234.30
0,2023-07,139,1044.77
0,2023-07,69,1306.54
0,2023-08,138,1253.30
0,2023-08,143,323.48
0,2023-08,69,160.65
0,2023-08,57,498.59
0,2023-09,128,96.13
0,2023-09,69,775.02
0,2023-09,140,575.40
0,2023-09,138,339.83
0,2023-09,139,228.25
0,2023-09,57,127.34
0,2023-10,138,675.30
0,2023-10,140,188.63
0,2023-10,128,165.05
0,2023-10,139,370.24
0,2023-10,57,135.76
0,2023-10,69,887.93
0,2023-11,138,857.37
0,2023-11,128,411.50
0,2023-11,140,272.40
0,2023-11,130,329.93
0,2023-12,57,877.38
0,2023-12,128,58.25
0,2023-12,140,588.52
0,2023-12,69,662.62
0,2023-12,139,472.84
0,2023-12,138,144.19
0,2023-12,130,150.95
0,2024-01,138,1194.02
0,2024-01,143,797.97
0,2024-01,128,22.84
0,2024-01,69,242.81
0,2024-02,143,420.26
0,2024-02,57,261.22
0,2024-02,138,219.88
0,2024-02,139,439.80
0,2024-02,130,166.57
0,2024-03,138,760.08
0,2024-03,128,774.49
0,2024-03,139,1396.88
0,2024-03,130,521.88
0,2024-04,69,635.24
0,2024-04,138,76.35
0,2024-04,128,177.14
0,2024-04,143,6.67
0,2024-04,140,207.68
0,2024-04,57,69.78
0,2024-04,139,439.39
0,2024-05,138,454.76
0,2024-05,143,298.13
0,2024-05,130,7.64
0,2024-05,128,491.79
0,2024-05,69,1137.20
0,2024-06,128,115.06
0,2024-06,130,83.28
0,2024-06,139,235.14
0,2024-06,143,411.90
0,2024-06,57,532.45
0,2024-07,138,613.33
0,2024-07,69,73.29
0,2024-07,128,44.13
0,2024-07,57,71.09
0,2024-07,140,199.22
0,2024-07,130,173.56
0,2024-07,139,92.88
0,2024-08,138,348.30
0,2024-08,57,30.82
0,2024-08,69,244.93
0,2024-08,128,478.80
0,2024-09,57,898.32
0,2024-09,128,427.39
0,2024-09,138,99.57
0,2024-09,130,100.34
0,2024-09,139,23.04
0,2024-10,138,29.11
0,2024-10,139,26.16
0,2024-10,140,171.30
0,2024-10,57,161.85
0,2024-10,143,181.73
0,2024-10,130,173.28
0,2024-11,69,347.32
0,2024-11,57,31.82
0,2024-11,130,138.06
0,2024-11,140,92.08
0,2024-11,138,96.13
0,2024-11,128,147.63
0,2024-12,128,276.45
0,2024-12,143,65.06
0,2024-12,138,70.36
0,2024-12,130,100.18
0,2024-12,139,127.38
0,2025-01,138,78.36
0,2025-01,57,98.01
0,2025-01,139,50.27
0,2025-01,140,102.16
0,2025-01,128,88.97
0,2025-01,69,24.15
0,2025-01,143,42.44
0,2025-02,138,50.16
0,2025-02,139,185.55
0,2025-02,128,104.35
0,2025-02,69,20.13
0,2025-02,143,85.51
0,2025-02,140,115.73
0,2025-03,143,766.83
0,2025-03,138,83.52
0,2025-03,128,156.72
0,2025-03,130,108.61
0,2025-03,140,209.36
0,2025-04,138,44.54
0,2025-04,69,87.83
0,2025-04,130,110.21
0,2025-04,128,85.52
0,2025-05,138,73.21
0,2025-05,140,40.38
0,2025-05,57,100.56
0,2025-05,69,19.06
0,2025-05,128,98.35
0,2025-06,138,25.40
0,2025-06,69,61.97
0,2025-06,140,17.98
0,2025-07,128,19.47
0,2025-07,138,31.73
0,2025-07,69,25.04
0,2025-07,140,15.72
0,2025-07,57,6.38
0,2025-08,128,41.73
0,2025-08,138,47.39
0,2025-08,140,23.62
0,2025-08,69,86.76
0,2025-09,140,43.45
0,2025-09,143,22.19
0,2025-09,69,107.20
0,2025-09,128,9.70
0,2025-10,57,28.56
0,2025-10,138,48.34
0,2025-10,69,37.57
0,2025-11,138,173.87
0,2025-11,143,39.74
0,2025-11,128,6.75
0,2025-12,138,70.58
0,2025-12,140,10.86
0,2025-12,69,45.83
0,2025-12,57,49.26
0,2025-12,128,17.56
0,2026-01,140,44.94
0,2026-01,138,44.10
0,2026-01,128,14.24
0,2026-01,69,10.47
0,2026-02,57,34.38
0,2026-02,69,64.69
0,2026-02,128,13.12
0,2026-02,138,18.84
0,2026-02,140,46.33
0,2026-03,138,69.07
0,2026-03,128,21.86
0,2026-03,143,21.05
0,2026-03,140,7.56
0,2026-04,138,31.16
0,2026-04,128,35.79
0,2026-04,69,38.51
0,2026-04,57,4.70
0,2026-04,140,0.00
0,2026-05,140,34.50
0,2026-05,138,144.36
0,2026-05,128,61.78
0,2026-05,69,15.83
0,2026-06,138,48.88
0,2026-06,128,1.35
0,2026-06,143,49.67
0,2026-06,57,25.69
0,2026-06,69,44.57
0,2026-07,138,13.14
0,2026-07,128,13.43
0,2026-07,140,109.73
0,2026-07,143,33.74
0,2026-07,57,7.86
0,2026-07,69,0.00
1,2026-01,110,11274.80
1,2026-01,186,1995.15
1,2026-01,50,3253.29
1,2026-01,188,7173.47
1,2026-01,105,2144.20
1,2026-01,3,4592.43
1,2026-01,116,2650.08
1,2026-02,110,3443.12
1,2026-02,3,6647.44
1,2026-02,2,4381.72
1,2026-02,51,1678.49
1,2026-02,116,4012.53
1,2026-02,188,5675.52
1,2026-02,1,579.80
1,2026-02,105,2206.03
1,2026-03,188,5768.41
1,2026-03,116,19581.39
1,2026-03,1,1600.05
1,2026-03,105,52.71
1,2026-03,3,14928.37
1,2026-03,51,7592.22
1,2026-05,110,14807.80
1,2026-05,3,6881.51
1,2026-05,187,3154.33
1,2026-05,2,13575.72
1,2026-05,105,11967.92
1,2026-07,3,2366.84
1,2026-07,188,1812.63
1,2026-07,110,1598.18
1,2026-07,50,1478.72
1,2026-07,2,4634.21
1,2026-07,116,6318.46
1,2026-07,51,3851.68
2,2021-08,83,308.44
2,2021-09,76,185.26
2,2021-09,83,0.00
2,2021-10,76,197.26
2,2021-11,83,317.82
2,2021-12,76,194.47
2,2022-01,83,145.36
2,2022-02,83,187.95
2,2022-03,76,236.42
2,2022-04,76,349.97
2,2022-05,83,235.78
2,2022-06,76,10.10
2,2022-06,83,252.13
2,2022-07,76,38.91
2,2022-07,83,212.62
2,2022-08,76,160.09
2,2022-09,83,25.38
2,2022-09,76,121.59
2,2022-10,76,259.52
2,2022-12,76,100.90
2,2022-12,83,65.79
2,2023-01,83,192.51
2,2023-02,83,182.24
2,2023-03,83,213.25
2,2023-04,76,82.19
2,2023-04,83,72.03
2,2023-05,76,102.34
2,2023-06,83,293.63
2,2023-07,83,91.96
2,2023-07,76,23.68
2,2023-08,83,188.76
2,2023-09,76,235.75
2,2023-09,83,0.00
2,2023-10,76,320.67
2,2023-11,76,4.24
2,2023-11,83,147.57
2,2023-12,76,215.41
2,2024-01,76,112.64
2,2024-02,83,95.65
2,2024-02,76,53.19
2,2024-03,83,46.11
2,2024-03,76,143.54
2,2024-04,83,115.55
2,2024-05,83,137.35
2,2024-06,76,211.51
2,2024-07,83,155.56
2,2024-07,76,0.00
2,2024-08,76,103.87
2,2024-08,83,96.68
2,2024-09,83,201.04
2,2024-10,83,141.53
2,2024-11,83,293.46
2,2024-12,76,140.02
2,2025-01,83,127.81
2,2025-02,83,103.21
2,2025-03,76,88.29
2,2025-03,83,16.77
2,2025-04,83,177.62
2,2025-06,76,190.75
2,2025-07,83,152.69
2,2025-08,83,171.47
2,2025-09,76,79.82
2,2025-09,83,86.17
2,2025-10,76,124.90
2,2025-11,76,81.43
2,2025-11,83,108.53
2,2025-12,83,210.17
2,2026-01,83,111.71
2,2026-02,76,103.82
2,2026-02,83,233.81
2,2026-03,76,87.11
2,2026-04,83,127.79
2,2026-05,76,124.59
2,2026-05,83,17.74
2,2026-06,83,140.84
2,2026-07,83,89.07
2,2026-07,76,0.00
3,2023-05,15,194.66
3,2023-05,182,0.00
3,2023-07,182,192.38
3,2023-09,15,32.88
3,2023-09,182,76.25
3,2023-11,15,308.92
3,2024-01,182,10.66
3,2024-01,15,80.88
3,2024-03,15,38.70
3,2024-03,182,57.63
3,2024-05,15,66.83
3,2024-05,182,100.71
3,2024-07,15,236.62
3,2024-09,15,102.23
3,2024-11,15,305.61
4,2024-08,104,1194.25
4,2024-08,170,3801.64
4,2024-08,36,0.00
4,2025-03,104,2267.31
4,2025-03,170,249.91
4,2025-03,36,3856.23
4,2025-11,104,2215.32
4,2025-11,143,3708.25
4,2025-11,170,1843.10
4,2026-01,36,146.13
4,2026-01,104,1137.10
4,2026-01,170,2166.68
4,2026-01,143,0.00
4,2026-02,104,2065.11
4,2026-02,143,304.61
4,2026-02,36,1647.09
4,2026-03,104,3468.09
4,2026-03,170,2951.29
4,2026-05,170,5450.62
4,2026-05,104,3386.18
5,2021-09,19,317.98
5,2021-09,18,505.46
5,2021-09,88,1959.66
5,2021-09,147,2282.68
5,2021-12,88,1953.86
5,2021-12,147,903.15
5,2022-03,18,623.18
5,2022-03,147,1625.40
5,2022-03,88,407.75
5,2022-03,19,446.46
6,2021-08,125,574.64
6,2021-08,121,4016.55
6,2021-08,136,1698.27
6,2021-08,45,3975.29
6,2021-08,69,708.55
6,2021-08,181,9617.44
6,2021-08,104,1616.16
6,2021-08,123,4290.43
6,2021-08,120,1612.96
6,2021-08,42,130.47
6,2021-08,163,811.90
6,2021-10,69,1733.61
6,2021-10,123,6041.66
6,2021-10,121,2471.00
6,2021-10,104,1441.89
6,2021-10,125,4414.43
6,2021-10,181,4303.77
6,2021-10,120,327.84
6,2021-10,42,2130.57
6,2021-10,59,1003.97
6,2021-10,136,3653.63
6,2021-10,133,1382.51
6,2021-10,127,2842.31
6,2021-10,115,618.62
6,2021-10,45,910.22
6,2021-12,69,2879.61
6,2021-12,181,954.97
6,2021-12,121,1126.51
6,2021-12,104,3135.89
6,2021-12,120,3902.02
6,2021-12,125,8740.16
6,2021-12,127,6301.08
6,2021-12,136,497.22
6,2021-12,123,2488.59
6,2021-12,42,352.40
6,2021-12,133,1122.21
6,2022-04,133,1015.31
6,2022-04,69,2520.15
6,2022-04,120,1386.67
6,2022-04,121,1210.24
6,2022-04,136,2221.28
6,2022-04,59,1229.82
6,2022-04,45,1790.42
6,2022-04,123,3111.68
6,2022-04,104,3376.92
6,2022-04,42,1241.08
6,2022-06,115,2255.85
6,2022-06,104,5607.09
6,2022-06,127,1982.04
6,2022-06,69,5498.33
6,2022-06,45,3273.87
6,2022-06,125,1353.48
6,2022-06,42,1658.46
6,2022-06,120,1478.68
6,2022-06,121,3390.34
6,2022-06,133,2867.80
6,2022-08,69,1346.35
6,2022-08,59,1132.01
6,2022-08,120,3591.15
6,2022-08,123,1558.11
6,2022-08,121,3542.88
6,2022-08,104,1372.85
6,2022-08,127,3186.66
6,2022-08,133,4677.38
6,2022-08,181,4723.63
6,2022-08,136,316.60
6,2022-08,42,1367.56
6,2022-09,123,2366.84
6,2022-09,163,6182.12
6,2022-09,120,6971.24
6,2022-09,69,1418.36
6,2022-09,104,2727.06
6,2022-09,136,1013.17
6,2022-09,181,1061.88
6,2022-09,121,660.28
6,2022-09,42,2505.69
6,2022-09,133,3150.10
6,2022-09,125,2170.87
6,2022-09,45,666.81
6,2022-09,37,1023.04
6,2022-12,69,2122.66
6,2022-12,120,6951.12
6,2022-12,127,1345.27
6,2022-12,104,2891.99
6,2022-12,133,781.79
6,2022-12,121,5979.18
6,2022-12,163,1956.51
6,2022-12,37,3717.18
6,2022-12,136,2005.51
6,2022-12,45,1051.73
6,2022-12,123,2373.16
6,2022-12,181,2849.92
6,2022-12,115,133.11
6,2022-12,125,11184.64
6,2023-02,123,267.75
6,2023-02,69,1200.72
6,2023-02,104,971.93
6,2023-02,127,2144.78
6,2023-02,121,3969.86
6,2023-02,120,1980.16
6,2023-02,133,387.16
6,2023-02,125,794.53
6,2023-02,163,3828.36
6,2023-02,37,241.76
6,2023-02,136,1870.47
6,2023-02,181,2730.62
6,2023-02,42,1438.76
6,2023-02,45,888.57
6,2023-04,104,1475.28
6,2023-04,125,4004.63
6,2023-04,69,490.99
6,2023-04,176,2686.34
6,2023-04,121,2477.96
6,2023-04,133,604.80
6,2023-04,59,1222.95
6,2023-04,120,374.56
6,2023-04,127,1175.29
6,2023-04,123,1887.12
6,2023-04,181,2594.54
6,2023-04,42,1457.40
6,2023-04,136,1660.63
6,2023-04,45,59.06
6,2023-04,115,827.72
6,2023-04,163,484.92
6,2023-06,125,1690.70
6,2023-06,69,979.19
6,2023-06,121,2321.19
6,2023-06,120,1628.87
6,2023-06,136,1337.00
6,2023-06,133,883.07
6,2023-06,181,409.93
6,2023-06,45,2414.24
6,2023-06,104,994.36
6,2023-06,42,624.22
6,2023-06,123,150.39
6,2023-07,120,1900.76
6,2023-07,133,548.21
6,2023-07,181,271.39
6,2023-07,121,830.92
6,2023-07,69,1078.53
6,2023-07,104,299.49
6,2023-07,125,476.61
6,2023-07,136,1900.01
6,2023-07,37,2365.44
6,2023-07,123,1876.91
6,2023-07,59,2723.63
6,2023-07,127,266.94
6,2023-07,45,558.35
6,2023-07,42,2157.34
6,2023-08,45,1350.92
6,2023-08,120,2420.14
6,2023-08,69,1135.34
6,2023-08,125,465.21
6,2023-08,123,669.80
6,2023-08,121,1416.62
6,2023-08,181,1572.82
6,2023-08,104,1127.26
6,2023-08,136,2340.19
6,2023-08,59,871.63
6,2023-08,37,545.99
6,2023-08,127,2393.56
6,2023-08,163,903.73
6,2023-08,42,297.60
6,2023-08,133,121.07
6,2023-08,115,645.98
6,2023-10,104,1573.61
6,2023-10,121,2250.75
6,2023-10,42,250.41
6,2023-10,120,2213.66
6,2023-10,133,2167.93
6,2023-10,69,1768.53
6,2023-10,127,2450.87
6,2023-10,123,750.97
6,2023-10,181,2972.53
6,2023-10,125,337.38
6,2023-10,163,217.28
6,2023-10,136,1102.25
6,2023-10,176,2591.95
6,2023-10,115,478.92
6,2023-10,45,257.00
6,2023-10,37,993.56
6,2024-02,121,2495.72
6,2024-02,59,452.53
6,2024-02,133,911.20
6,2024-02,42,1394.81
6,2024-02,69,3255.12
6,2024-02,136,1296.58
6,2024-02,127,6704.60
6,2024-02,37,710.98
6,2024-04,69,280.10
6,2024-04,104,3565.06
6,2024-04,120,442.63
6,2024-04,45,628.16
6,2024-04,125,2333.25
6,2024-04,37,1015.52
6,2024-04,163,2441.22
6,2024-04,127,613.16
6,2024-04,133,668.74
6,2024-06,127,867.18
6,2024-06,163,326.15
6,2024-06,104,369.44
6,2024-06,69,105.83
6,2024-06,133,1513.15
6,2024-06,125,14.63
6,2024-06,121,172.57
6,2024-06,37,983.17
6,2024-06,42,676.06
6,2024-06,181,3771.90
6,2024-06,136,587.86
6,2024-06,123,581.37
6,2024-06,120,893.52
6,2024-06,176,769.32
6,2024-06,57,440.32
6,2024-06,45,439.01
6,2024-10,133,383.67
6,2024-10,125,334.57
6,2024-10,123,605.92
6,2024-10,176,535.03
6,2024-10,127,2025.43
6,2024-10,181,1779.67
6,2024-10,104,102.81
6,2024-10,136,252.98
6,2024-10,121,645.01
6,2024-10,59,305.35
6,2024-10,69,725.22
6,2024-10,120,409.25
6,2024-10,45,1168.15
6,2024-10,115,506.05
6,2024-12,45,822.84
6,2024-12,69,325.73
6,2024-12,136,97.23
6,2024-12,123,599.60
6,2024-12,120,117.56
6,2024-12,121,928.69
6,2024-12,125,680.19
6,2024-12,104,1110.65
6,2024-12,181,779.16
6,2024-12,133,941.66
6,2024-12,37,327.33
6,2024-12,127,304.06
6,2024-12,59,380.02
6,2024-12,163,653.48
6,2025-02,181,1348.88
6,2025-02,127,253.55
6,2025-02,136,583.54
6,2025-02,37,573.84
6,2025-02,45,240.46
6,2025-02,104,750.51
6,2025-02,125,174.84
6,2025-02,133,133.81
6,2025-02,42,341.55
6,2025-04,121,192.04
6,2025-04,133,1443.83
6,2025-04,136,1520.21
6,2025-04,69,580.84
6,2025-04,59,268.94
6,2025-04,123,601.47
6,2025-04,125,201.30
6,2025-04,104,115.35
6,2025-04,120,235.78
6,2025-04,42,340.05
6,2025-04,115,613.65
6,2025-06,181,218.74
6,2025-06,69,936.94
6,2025-06,127,806.49
6,2025-06,37,297.06
6,2025-06,120,236.11
6,2025-06,121,444.33
6,2025-06,136,570.71
6,2025-06,115,19.35
6,2025-06,45,74.48
6,2025-06,133,281.77
6,2025-06,123,676.15
6,2025-06,176,796.16
6,2025-08,104,419.45
6,2025-08,69,126.08
6,2025-08,125,385.23
6,2025-08,59,215.03
6,2025-08,120,47.65
6,2025-08,133,53.64
6,2025-08,127,221.66
6,2025-08,136,481.27
6,2025-08,45,155.69
6,2025-08,123,191.24
6,2025-08,37,266.77
6,2025-08,181,153.26
6,2025-08,121,17.44
6,2025-08,163,181.22
6,2025-08,42,245.63
6,2025-08,115,163.75
6,2025-10,69,255.35
6,2025-10,163,168.41
6,2025-10,176,943.46
6,2025-10,121,166.86
6,2025-10,42,432.23
6,2025-10,45,234.77
6,2025-10,133,369.76
6,2025-10,123,147.53
6,2025-10,37,361.68
6,2025-10,120,220.16
6,2025-10,125,267.87
6,2025-10,127,69.17
6,2025-10,59,287.64
6,2025-10,104,34.86
6,2025-10,57,619.30
6,2025-12,120,583.84
6,2025-12,104,501.38
6,2025-12,181,20.77
6,2025-12,123,362.99
6,2025-12,125,390.18
6,2025-12,69,226.92
6,2025-12,133,47.97
6,2025-12,121,132.81
6,2025-12,59,387.25
6,2025-12,127,121.47
6,2025-12,176,28.43
6,2025-12,45,72.35
6,2025-12,136,166.52
6,2025-12,57,168.69
7,2026-04,36,826.30
7,2026-04,24,489.56
7,2026-05,24,93.94
7,2026-05,36,807.00
7,2026-06,24,412.25
7,2026-06,170,395.22
7,2026-07,170,569.58
7,2026-07,24,193.40
8,2024-10,186,1982.63
8,2024-10,24,295.43
8,2024-10,17,869.55
8,2024-10,88,781.44
8,2024-10,21,6141.88
8,2024-11,26,1867.36
8,2024-11,24,729.79
8,2024-11,186,1032.35
8,2024-11,88,455.06
8,2024-11,21,364.44
8,2024-11,17,991.46
8,2024-11,75,2500.99
8,2024-12,17,1779.87
8,2024-12,186,1955.30
8,2024-12,24,1189.56
8,2024-12,75,940.73
8,2024-12,26,1012.09
8,2024-12,21,632.33
8,2024-12,88,753.99
8,2025-01,186,117.32
8,2025-01,21,447.36
8,2025-01,24,965.06
8,2025-01,92,1243.80
8,2025-01,88,1859.79
8,2025-01,75,140.31
8,2025-01,26,1517.07
8,2025-02,186,1787.63
8,2025-02,26,835.13
8,2025-02,24,1536.39
8,2025-02,17,958.26
8,2025-02,75,1349.50
8,2025-03,24,297.00
8,2025-03,186,456.06
8,2025-03,17,1336.94
8,2025-03,75,1033.01
8,2025-03,92,990.93
8,2025-03,21,140.33
8,2025-03,26,298.78
8,2025-03,88,541.56
8,2025-04,186,973.11
8,2025-04,24,909.73
8,2025-04,21,190.43
8,2025-04,17,1806.40
8,2025-04,26,792.14
8,2025-04,75,1938.84
8,2025-04,45,244.90
8,2025-05,186,2020.48
8,2025-05,17,1596.57
8,2025-05,88,206.18
8,2025-05,24,920.51
8,2025-05,21,709.60
8,2025-05,26,646.68
8,2025-05,75,416.78
8,2025-06,17,595.35
8,2025-06,186,719.61
8,2025-06,24,518.89
8,2025-06,21,724.91
8,2025-06,75,198.35
8,2025-06,26,1544.54
8,2025-06,92,1238.18
8,2025-07,75,506.65
8,2025-07,186,485.39
8,2025-07,24,1270.86
8,2025-07,88,282.98
8,2025-07,17,1894.69
8,2025-07,26,1852.26
8,2025-07,45,1776.75
8,2025-08,186,1177.35
8,2025-08,24,322.95
8,2025-08,21,357.89
8,2025-08,45,477.96
8,2025-08,26,396.70
8,2025-08,17,1341.95
8,2025-08,88,283.72
8,2025-09,45,1344.61
8,2025-09,186,1722.50
8,2025-09,24,1115.62
8,2025-09,88,536.83
8,2025-09,26,1295.89
8,2025-09,75,567.00
8,2025-09,17,1265.08
8,2025-09,21,70.96
8,2025-10,186,773.19
8,2025-10,45,843.17
8,2025-10,17,312.38
8,2025-10,21,1617.42
8,2025-10,24,246.90
8,2025-10,26,1252.91
8,2025-10,75,709.31
8,2025-10,92,101.62
8,2025-11,26,548.22
8,2025-11,21,1638.12
8,2025-11,24,373.50
8,2025-11,186,627.54
8,2025-11,17,466.76
8,2025-11,75,201.76
8,2025-11,88,1562.55
8,2025-12,21,3549.67
8,2025-12,24,1017.88
8,2025-12,17,2743.05
8,2025-12,26,1167.85
8,2025-12,88,3964.11
8,2025-12,186,997.34
8,2025-12,45,407.71
8,2026-01,24,96.28
8,2026-01,26,3404.00
8,2026-01,17,2024.63
8,2026-01,21,557.72
8,2026-01,186,188.16
8,2026-02,186,1236.96
8,2026-02,88,229.88
8,2026-02,24,2896.14
8,2026-02,75,1236.70
8,2026-02,17,0.00
8,2026-03,17,535.55
8,2026-03,186,1162.74
8,2026-03,26,282.86
8,2026-03,24,153.78
8,2026-03,21,681.00
8,2026-03,88,544.50
8,2026-04,17,231.96
8,2026-04,24,510.83
8,2026-04,88,68.58
8,2026-04,186,803.74
8,2026-04,45,82.53
8,2026-04,21,724.28
8,2026-04,26,1640.01
8,2026-04,92,74.20
8,2026-05,17,3108.09
8,2026-05,24,2017.02
8,2026-05,186,232.56
8,2026-05,88,1623.84
8,2026-05,21,1324.27
8,2026-05,45,238.56
8,2026-06,26,1845.02
8,2026-06,186,2079.91
8,2026-06,17,1605.90
8,2026-06,75,1163.64
8,2026-07,21,795.04
8,2026-07,186,1249.25
8,2026-07,17,361.13
8,2026-07,26,3683.73
8,2026-07,88,553.98
9,2023-01,96,562.09
9,2023-01,102,212.37
9,2023-04,102,1408.40
9,2023-04,96,178.91
9,2023-05,102,663.09
9,2023-05,113,1211.33
9,2023-05,96,145.13
9,2023-07,96,505.74
9,2023-08,113,838.90
9,2023-08,102,983.94
9,2023-08,96,0.00
9,2023-09,96,500.00
9,2023-09,102,1282.53
9,2024-01,96,1185.47
9,2024-01,102,18.05
9,2024-03,113,1015.40
9,2024-03,102,354.44
10,2022-03,186,289.37
10,2022-03,190,504.76
10,2023-06,107,817.19
10,2023-06,109,248.91
10,2023-06,190,318.76
10,2023-08,190,189.16
10,2023-08,109,775.61
10,2023-08,107,212.36
10,2023-10,190,49.41
10,2023-10,109,598.11
10,2024-01,190,311.63
10,2024-01,186,400.65
10,2024-01,107,116.97
10,2024-08,190,516.12
10,2024-08,107,58.51
10,2024-08,109,1043.90
10,2024-11,190,216.51
10,2024-11,186,536.83
10,2024-11,109,402.57
10,2025-02,190,270.35
10,2025-02,109,331.74
10,2026-02,190,175.30
10,2026-02,109,14.49
10,2026-02,186,426.36
10,2026-02,107,263.53
11,2021-09,81,633.28
11,2021-09,126,392.37
11,2021-09,16,273.94
11,2021-09,82,462.44
11,2021-10,16,701.19
11,2021-10,82,354.72
11,2021-10,73,1292.95
11,2021-10,126,295.45
11,2021-11,126,253.38
11,2021-11,81,408.09
11,2021-11,16,368.08
11,2021-11,82,258.19
11,2021-11,73,174.68
11,2021-11,95,1072.47
11,2021-12,82,1013.39
11,2021-12,16,51.95
11,2021-12,81,214.35
11,2021-12,126,145.28
11,2021-12,76,759.56
11,2021-12,73,612.36
11,2022-01,81,968.42
11,2022-01,126,879.58
11,2022-01,16,568.63
11,2022-01,76,89.23
11,2022-02,126,638.67
11,2022-02,81,124.14
11,2022-02,82,682.62
11,2022-03,82,303.88
11,2022-03,126,258.70
11,2022-03,16,950.75
11,2022-03,73,765.83
11,2022-04,126,450.49
11,2022-04,16,394.55
11,2022-04,82,136.50
11,2022-04,81,500.29
11,2022-04,95,242.29
11,2022-05,82,342.57
11,2022-05,126,276.22
11,2022-05,16,756.08
11,2022-05,76,369.16
11,2022-05,95,222.07
11,2022-05,73,93.00
11,2022-06,126,244.44
11,2022-06,82,184.71
11,2022-06,16,134.98
11,2022-06,73,575.01
11,2022-06,95,273.36
11,2022-06,81,9.09
11,2022-07,16,648.02
11,2022-07,81,238.89
11,2022-07,73,354.13
11,2022-07,82,990.63
11,2022-08,81,642.73
11,2022-08,126,396.55
11,2022-08,82,525.96
11,2022-08,95,596.69
11,2022-08,73,180.94
11,2022-09,126,864.81
11,2022-09,82,782.19
11,2022-09,81,628.68
11,2022-10,81,681.16
11,2022-10,95,285.44
11,2022-10,82,129.07
11,2022-11,81,326.68
11,2022-11,126,847.70
11,2022-11,73,441.59
11,2022-11,76,297.13
11,2022-11,16,91.59
11,2022-11,82,122.25
11,2022-12,82,93.59
11,2022-12,126,114.31
11,2022-12,16,325.30
11,2022-12,81,546.21
11,2022-12,73,177.43
11,2023-01,81,34.53
11,2023-01,126,653.18
11,2023-01,73,150.65
11,2023-03,126,107.85
11,2023-03,95,63.87
11,2023-03,76,348.08
11,2023-03,81,248.05
11,2023-03,82,291.67
11,2023-03,73,65.76
11,2023-04,82,209.45
11,2023-04,81,37.54
11,2023-04,126,8.79
11,2023-04,16,320.93
11,2023-04,73,59.60
11,2023-04,76,0.00
11,2023-05,81,519.28
11,2023-05,16,179.23
11,2023-05,126,452.99
11,2023-05,76,474.17
11,2023-06,73,484.04
11,2023-06,126,159.70
11,2023-06,81,132.29
11,2023-06,16,157.17
11,2023-06,95,110.03
11,2023-07,73,237.28
11,2023-07,16,128.02
11,2023-07,126,55.38
11,2023-07,81,55.50
11,2023-08,126,169.74
11,2023-08,82,18.03
11,2023-08,81,199.67
11,2023-08,16,207.60
11,2023-08,95,167.07
11,2023-08,76,223.69
11,2023-09,82,271.92
11,2023-09,81,26.69
11,2023-09,126,377.62
11,2023-10,82,48.49
11,2023-10,16,359.52
11,2023-10,76,40.38
11,2023-10,81,80.04
11,2023-10,126,137.48
11,2023-10,73,133.85
11,2023-11,126,86.67
11,2023-11,82,346.16
11,2023-11,81,87.86
11,2023-11,16,92.40
11,2023-11,95,57.36
11,2023-12,81,278.66
11,2023-12,95,237.14
11,2023-12,126,97.75
11,2023-12,82,20.36
11,2023-12,16,42.04
11,2024-01,81,63.24
11,2024-01,126,43.01
11,2024-01,82,150.16
11,2024-01,16,280.53
11,2024-01,76,221.74
11,2024-02,81,114.38
11,2024-02,16,60.98
11,2024-02,126,93.57
11,2024-02,82,35.48
11,2024-02,73,51.35
11,2024-03,126,38.49
11,2024-03,82,30.01
11,2024-03,76,194.10
11,2024-03,81,133.21
11,2024-04,16,33.90
11,2024-04,81,23.41
11,2024-04,82,74.78
11,2024-04,76,33.21
11,2024-04,73,31.95
11,2024-05,126,12.15
11,2024-05,95,11.51
11,2024-05,73,10.94
11,2024-05,82,57.06
11,2024-05,81,84.51
11,2024-05,16,106.67
11,2024-06,16,6.61
11,2024-06,126,49.80
11,2024-06,81,109.96
11,2024-06,82,5.19
11,2024-06,73,89.02
11,2024-07,73,10.37
11,2024-07,16,42.79
11,2024-07,82,112.92
11,2024-07,81,105.00
11,2024-07,76,56.69
11,2024-07,126,13.79
11,2024-08,81,47.60
11,2024-08,126,8.50
11,2024-08,95,55.36
11,2024-08,76,35.68
11,2024-08,82,49.38
11,2024-09,82,118.82
11,2024-09,81,101.03
11,2024-09,16,125.35
11,2024-11,126,158.70
11,2024-11,82,38.22
11,2024-11,81,159.28
11,2024-11,16,152.86
11,2024-12,126,62.32
11,2024-12,81,48.11
11,2024-12,82,72.02
11,2024-12,95,56.78
11,2024-12,16,16.75
11,2024-12,76,70.10
11,2025-01,82,45.16
11,2025-01,81,100.52
11,2025-01,126,88.34
11,2025-01,16,17.66
11,2025-01,95,20.99
11,2025-02,126,27.06
11,2025-02,73,15.17
11,2025-02,81,59.03
11,2025-02,16,117.67
11,2025-02,82,39.06
11,2025-02,76,33.12
11,2025-03,16,110.00
11,2025-03,81,25.07
11,2025-03,73,51.78
11,2025-03,82,56.42
11,2025-03,76,33.83
11,2025-03,95,146.39
11,2025-04,76,44.54
11,2025-04,82,220.51
11,2025-04,81,117.58
11,2025-04,73,36.65
11,2025-04,95,16.09
11,2025-05,82,27.07
11,2025-05,76,99.89
11,2025-05,126,59.91
11,2025-05,81,56.60
11,2025-06,81,167.54
11,2025-06,95,263.37
11,2025-06,126,68.51
11,2025-07,81,331.86
11,2025-07,76,61.58
11,2025-07,126,47.50
11,2025-07,16,0.00
11,2025-09,82,9.62
11,2025-09,16,28.39
11,2025-09,76,51.30
11,2025-10,16,4.04
11,2025-10,126,15.06
11,2025-10,81,27.12
11,2025-10,82,1.21
11,2025-11,16,37.73
11,2025-11,81,39.75
11,2026-01,126,14.19
11,2026-01,82,9.30
11,2026-01,16,3.60
11,2026-01,81,8.66
11,2026-02,16,27.02
11,2026-02,81,1.19
11,2026-02,126,49.44
11,2026-03,81,10.62
11,2026-03,16,11.11
11,2026-03,82,51.94
11,2026-05,82,4.81
11,2026-05,81,60.77
11,2026-05,126,10.11
11,2026-05,76,0.00
11,2026-06,126,3.26
11,2026-06,16,23.73
11,2026-06,76,33.02
11,2026-06,82,4.26
11,2026-06,81,10.32
11,2026-07,82,29.85
11,2026-07,76,37.73
12,2024-06,151,281.11
12,2024-06,150,92.41
12,2024-07,150,708.81
12,2024-08,151,74.38
12,2024-08,66,455.34
12,2024-08,150,0.00
12,2024-09,151,347.15
12,2024-09,150,130.55
12,2024-10,151,661.68
12,2024-10,150,201.50
12,2024-11,151,211.40
12,2024-11,66,343.46
12,2024-12,151,376.45
12,2024-12,150,96.10
12,2025-01,151,131.15
12,2025-01,66,3.81
12,2025-01,150,201.38
12,2025-02,151,62.57
12,2025-02,66,94.18
12,2025-02,150,158.59
12,2025-03,151,206.28
12,2025-03,66,306.76
12,2025-04,151,62.91
12,2025-04,66,383.19
12,2025-05,66,331.14
12,2025-07,151,229.73
12,2025-07,66,107.39
12,2025-08,150,363.94
12,2025-08,66,182.51
12,2025-08,151,0.00
12,2025-09,151,221.85
12,2025-09,150,56.89
12,2025-10,151,50.49
12,2025-10,150,159.00
12,2025-11,151,13.94
12,2025-11,150,148.22
12,2025-11,66,65.50
12,2025-12,151,54.54
12,2025-12,150,114.33
12,2026-01,151,117.25
12,2026-01,150,75.04
12,2026-03,151,27.55
12,2026-03,150,94.35
12,2026-04,150,24.10
12,2026-04,151,115.75
12,2026-05,151,88.10
12,2026-05,66,51.61
12,2026-05,150,58.81
12,2026-06,151,16.67
12,2026-06,150,109.74
12,2026-07,151,31.35
12,2026-07,66,101.20
12,2026-07,150,2.46
13,2021-08,33,21.92
13,2021-08,186,176.98
13,2021-08,67,276.74
13,2021-09,33,215.19
13,2021-09,186,416.85
13,2021-10,33,152.35
13,2021-10,186,512.94
13,2021-11,33,226.22
13,2021-11,186,880.05
13,2021-12,33,372.01
13,2021-12,186,94.93
13,2022-01,33,136.78
13,2022-01,186,321.38
13,2022-02,33,636.34
13,2022-03,33,223.58
13,2022-03,186,22.57
13,2022-04,33,153.43
13,2022-04,186,110.87
13,2022-05,33,328.76
13,2022-05,186,187.93
13,2022-06,33,172.86
13,2022-06,186,488.78
13,2022-07,33,135.49
13,2022-07,186,619.64
13,2022-08,33,321.66
13,2022-08,186,18.45
13,2022-08,67,67.35
13,2022-09,33,17.83
13,2022-09,186,65.53
13,2022-09,67,320.76
13,2022-10,33,163.78
13,2022-10,186,436.43
13,2022-10,67,0.00
13,2022-11,186,511.47
13,2022-11,33,195.28
13,2022-12,33,243.20
13,2022-12,186,450.85
13,2023-01,33,266.56
13,2023-01,186,44.36
13,2023-02,33,233.43
13,2023-02,67,313.05
13,2023-03,33,395.56
13,2023-03,186,299.64
13,2023-04,33,88.87
13,2023-04,186,183.99
13,2023-04,67,186.61
13,2023-05,33,59.68
13,2023-05,186,286.93
13,2023-06,33,205.96
13,2023-06,186,114.88
13,2023-06,67,111.31
13,2023-07,33,159.04
13,2023-07,186,202.24
13,2023-08,33,147.29
13,2023-08,67,266.96
13,2023-09,33,290.16
13,2023-10,33,272.85
13,2023-10,186,222.25
13,2023-10,67,132.94
13,2023-11,33,167.13
13,2023-11,67,104.62
13,2023-11,186,79.21
13,2023-12,33,337.65
13,2023-12,67,142.18
13,2024-01,33,107.71
13,2024-01,186,398.12
13,2024-02,33,185.42
13,2024-02,186,237.02
13,2024-03,186,258.55
13,2024-03,33,152.61
13,2024-04,33,51.09
13,2024-04,186,362.88
13,2024-05,33,263.08
13,2024-05,186,47.95
13,2024-06,33,310.04
13,2024-06,186,257.29
13,2024-07,33,37.12
13,2024-07,186,511.13
13,2024-08,33,746.33
13,2024-08,186,155.94
13,2024-08,67,268.78
13,2024-09,33,221.01
13,2024-09,186,292.39
13,2024-10,33,337.97
13,2024-10,67,645.20
13,2024-11,33,42.95
13,2024-11,186,963.38
13,2024-12,186,699.56
13,2025-01,33,333.64
13,2025-01,186,381.86
13,2025-02,186,265.57
13,2025-02,33,58.00
13,2025-03,33,594.46
13,2025-03,186,5.37
13,2025-04,186,41.02
13,2025-04,33,1014.19
13,2025-05,33,115.22
13,2025-05,67,397.10
13,2025-05,186,9.99
13,2025-06,33,24.51
13,2025-06,186,150.05
13,2025-06,67,521.12
13,2025-07,33,593.77
13,2025-07,67,190.95
13,2025-08,33,432.38
13,2025-09,33,594.93
13,2025-10,33,103.57
13,2025-10,67,200.70
13,2025-11,33,105.51
13,2025-11,186,510.12
13,2025-12,186,99.58
13,2025-12,67,545.10
13,2026-01,33,93.76
13,2026-01,186,312.09
13,2026-02,33,356.01
13,2026-02,186,177.88
13,2026-02,67,20.71
13,2026-03,33,429.81
13,2026-03,67,66.21
13,2026-04,33,581.12
13,2026-04,186,191.57
13,2026-05,186,805.45
13,2026-06,33,330.89
13,2026-06,186,128.07
13,2026-07,33,866.63
14,2024-02,71,401.24
14,2024-02,18,250.96
14,2024-02,68,149.99
14,2024-02,24,84.74
15,2022-02,126,247.22
15,2022-02,133,602.62
15,2022-02,13,459.26
15,2022-04,13,814.66
15,2022-04,133,558.15
15,2022-04,126,564.04
15,2022-04,62,547.34
15,2022-05,133,409.25
15,2022-05,126,241.93
15,2022-05,13,336.24
15,2022-05,62,234.06
15,2022-05,127,115.52
15,2022-06,133,1441.37
15,2022-06,13,448.00
15,2022-06,126,577.66
15,2022-06,62,1016.98
15,2022-08,13,743.61
15,2022-08,133,551.81
15,2022-08,126,126.13
15,2022-10,133,287.99
15,2022-10,13,191.83
15,2022-10,126,356.73
15,2022-10,62,791.19
15,2022-10,127,41.03
15,2022-12,133,2301.78
15,2022-12,13,137.53
15,2022-12,127,200.76
15,2022-12,126,766.04
15,2023-02,133,1085.37
15,2023-02,13,51.28
15,2023-04,133,1237.28
15,2023-04,13,729.69
15,2023-04,126,394.05
15,2023-05,13,502.99
15,2023-05,133,209.03
15,2023-05,126,272.52
15,2023-06,133,185.49
15,2023-06,13,421.82
15,2023-06,126,172.11
15,2023-06,62,91.80
15,2023-10,133,611.32
15,2023-10,13,82.02
15,2023-10,126,216.81
15,2023-11,13,147.61
15,2023-11,133,156.89
15,2023-11,127,22.08
15,2023-11,126,267.62
15,2023-12,133,589.89
15,2023-12,126,75.49
15,2023-12,13,77.74
15,2023-12,62,83.88
15,2024-02,133,471.67
15,2024-02,13,140.81
15,2024-04,133,88.44
15,2024-04,13,200.87
15,2024-04,62,257.48
15,2024-04,126,116.13
15,2024-06,13,365.28
15,2024-06,133,54.87
15,2024-06,126,51.31
15,2024-08,133,26.64
15,2024-08,13,40.93
15,2024-08,126,133.49
15,2024-09,13,71.93
15,2024-09,133,118.02
15,2024-09,126,76.43
15,2024-09,127,22.00
15,2024-10,133,172.22
15,2024-10,126,367.47
15,2024-10,13,32.02
15,2024-12,13,97.47
15,2024-12,133,28.88
15,2024-12,62,86.77
15,2024-12,126,224.21
16,2023-04,114,5536.28
16,2023-04,126,3315.29
16,2023-04,124,1813.60
16,2023-04,127,4263.00
16,2023-04,194,1794.49
16,2023-04,145,3905.63
16,2023-04,195,2242.45
16,2023-04,116,10237.82
16,2023-04,95,800.06
16,2023-04,172,5055.09
16,2023-04,100,1075.54
16,2023-06,114,209.41
16,2023-06,194,243.00
16,2023-06,115,1090.03
16,2023-06,126,1254.15
16,2023-06,36,1695.73
16,2023-06,195,335.49
16,2023-06,127,6553.75
16,2023-06,117,337.94
16,2023-06,124,1436.64
16,2023-06,116,1467.07
16,2023-06,172,1173.28
16,2023-06,95,840.72
16,2023-08,115,1368.60
16,2023-08,194,2239.26
16,2023-08,36,4689.02
16,2023-08,172,3582.79
16,2023-08,126,324.97
16,2023-08,117,507.11
16,2023-08,114,369.75
16,2023-08,95,3123.79
16,2023-08,145,1113.79
16,2023-08,116,1383.91
16,2023-08,124,1093.51
16,2023-08,127,2312.88
16,2023-08,100,221.83
16,2023-11,115,3979.63
16,2023-11,95,1430.88
16,2023-11,172,2388.26
16,2023-11,145,4229.02
16,2023-11,127,3114.61
16,2023-11,195,862.84
16,2023-11,194,7079.69
16,2023-11,126,3616.60
16,2023-11,124,6323.77
16,2023-11,36,1064.25
16,2023-12,194,1766.85
16,2023-12,115,1326.76
16,2023-12,114,689.67
16,2023-12,95,2512.60
16,2023-12,127,1192.72
16,2023-12,126,5023.30
16,2023-12,124,5482.63
16,2023-12,172,521.35
16,2023-12,116,3823.63
16,2023-12,195,9896.49
16,2023-12,145,2489.80
16,2024-01,114,895.86
16,2024-01,194,1966.23
16,2024-01,95,4031.94
16,2024-01,124,551.10
16,2024-01,126,566.46
16,2024-01,172,2320.13
16,2024-01,127,135.42
16,2024-01,115,3245.60
16,2024-01,36,4101.79
16,2024-01,116,1593.92
16,2024-01,195,3760.32
16,2024-04,126,5561.61
16,2024-04,172,41.02
16,2024-04,117,838.06
16,2024-04,145,9949.79
16,2024-04,127,1378.17
16,2024-04,124,4911.23
16,2024-04,194,4568.42
16,2024-06,194,1084.92
16,2024-06,126,1681.33
16,2024-06,145,3535.87
16,2024-06,124,3306.38
16,2024-06,172,1643.81
16,2024-06,117,1493.28
16,2024-06,127,1346.43
16,2024-06,115,533.75
16,2024-06,95,1692.04
16,2024-06,169,1498.50
16,2024-06,114,1713.48
16,2024-06,116,516.94
16,2024-06,195,1419.43
16,2024-07,116,832.66
16,2024-07,194,4020.08
16,2024-07,126,1787.30
16,2024-07,117,1350.62
16,2024-07,95,1056.74
16,2024-07,127,160.49
16,2024-07,169,2236.80
16,2024-07,115,607.00
16,2024-07,195,3048.73
16,2024-07,124,468.85
16,2024-07,172,2139.30
16,2024-07,145,3115.49
16,2024-11,172,2546.21
16,2024-11,95,3113.32
16,2024-11,194,1923.31
16,2024-11,195,936.88
16,2024-11,115,7929.17
16,2024-11,116,8398.28
16,2024-11,127,3899.90
16,2024-11,114,2053.51
16,2024-11,124,599.71
16,2024-11,126,5610.34
16,2025-01,172,3524.82
16,2025-01,115,1220.70
16,2025-01,195,2442.25
16,2025-01,194,1031.89
16,2025-01,127,1205.98
16,2025-01,145,540.37
16,2025-01,116,4673.20
16,2025-01,95,969.64
16,2025-01,126,1261.29
16,2025-01,124,920.16
16,2025-01,114,7357.47
16,2025-01,36,1598.92
16,2025-01,169,700.94
16,2025-03,115,7731.50
16,2025-03,126,1508.92
16,2025-03,114,4680.10
16,2025-03,127,744.08
16,2025-03,172,5279.94
16,2025-03,124,16009.76
16,2025-03,116,7897.61
16,2025-04,194,1454.74
16,2025-04,126,590.51
16,2025-04,36,379.79
16,2025-04,124,421.47
16,2025-04,95,1698.49
16,2025-04,117,1633.35
16,2025-04,172,226.36
16,2025-04,114,3119.08
16,2025-04,116,325.88
16,2025-04,115,3514.62
16,2025-04,127,5058.77
16,2025-04,145,2737.55
16,2025-04,195,168.59
16,2025-05,124,1622.04
16,2025-05,126,6096.20
16,2025-05,114,990.42
16,2025-05,194,2891.21
16,2025-05,115,7126.72
16,2025-05,36,4848.86
16,2025-05,195,101.00
16,2025-05,172,1687.92
16,2025-05,95,11270.94
16,2025-05,116,1497.16
16,2025-07,124,2285.77
16,2025-07,126,1915.47
16,2025-07,127,8750.60
16,2025-07,194,714.89
16,2025-07,145,4924.00
16,2025-07,115,570.87
16,2025-07,172,1162.74
16,2025-07,95,2802.59
16,2025-07,116,4723.61
16,2025-07,36,3241.16
16,2025-07,117,693.37
16,2025-07,114,3083.22
16,2025-12,127,4220.33
16,2025-12,126,1256.43
16,2025-12,95,3487.67
16,2025-12,115,2331.01
16,2025-12,195,3688.78
16,2025-12,194,2490.95
16,2025-12,169,1160.38
16,2025-12,114,254.38
16,2025-12,172,9989.59
16,2026-01,194,7187.43
16,2026-01,126,1427.97
16,2026-01,127,2865.11
16,2026-01,172,804.33
16,2026-01,195,3381.11
16,2026-01,115,209.10
16,2026-01,124,8900.18
16,2026-02,172,2660.21
16,2026-02,124,1453.21
16,2026-02,194,1555.31
16,2026-02,127,3315.34
16,2026-02,95,717.40
16,2026-02,117,3581.41
16,2026-02,145,3690.08
16,2026-03,194,202.70
16,2026-03,127,6086.80
16,2026-03,115,3653.53
16,2026-03,124,9440.17
16,2026-03,116,9265.62
16,2026-03,126,2591.03
16,2026-03,95,1237.43
16,2026-03,195,1896.80
16,2026-06,115,2530.07
16,2026-06,126,18265.75
16,2026-06,194,3166.83
16,2026-06,172,12736.09
16,2026-06,145,1303.57
16,2026-06,95,3521.84
16,2026-06,169,4142.62
16,2026-06,124,1409.67
16,2026-07,114,2375.15
16,2026-07,194,4579.98
16,2026-07,127,3230.46
16,2026-07,172,634.38
16,2026-07,195,3661.43
16,2026-07,124,50.40
16,2026-07,126,634.38
16,2026-07,115,6109.31
16,2026-07,116,1702.87
17,2025-02,136,687.23
17,2025-02,32,836.98
17,2025-02,137,323.13
17,2025-03,32,57.04
17,2025-03,137,3532.88
17,2025-04,188,908.23
17,2025-04,136,433.89
17,2025-04,137,2093.57
17,2025-05,137,1288.74
17,2025-05,188,1170.78
17,2025-05,32,507.89
17,2025-06,137,1712.94
17,2025-06,136,458.72
17,2025-06,32,1536.88
17,2025-08,32,670.50
17,2025-08,188,516.17
17,2025-08,137,62.85
17,2025-08,136,1298.95
17,2025-09,32,599.01
17,2025-09,136,1566.64
17,2025-10,32,3397.10
17,2025-10,188,415.82
17,2025-11,188,328.11
17,2025-11,32,2083.98
17,2025-12,32,1564.27
17,2025-12,136,709.91
17,2025-12,137,1471.91
17,2026-01,32,362.83
17,2026-01,137,402.14
17,2026-01,188,1235.79
17,2026-02,137,766.24
17,2026-02,32,271.30
17,2026-02,136,617.08
17,2026-03,137,1042.70
17,2026-03,136,619.81
17,2026-03,188,383.61
17,2026-04,136,507.71
17,2026-04,32,3515.68
17,2026-05,137,302.50
17,2026-05,32,668.21
17,2026-05,136,756.24
17,2026-06,188,532.81
17,2026-06,32,1469.84
17,2026-07,137,747.89
17,2026-07,188,994.06
17,2026-07,136,2767.93
18,2024-08,127,283.03
18,2024-08,30,167.24
18,2024-11,127,303.07
18,2024-11,170,110.12
18,2024-11,30,279.42
19,2026-04,3,222.96
19,2026-04,50,35.25
19,2026-04,190,41.77
19,2026-04,48,144.49
19,2026-04,6,21.07
20,2023-09,125,1635.03
20,2023-12,183,121.26
20,2023-12,137,401.94
20,2023-12,125,206.47
20,2024-05,125,412.05
20,2024-05,183,529.47
20,2024-06,125,855.78
20,2024-09,125,261.46
20,2024-09,183,565.16
20,2024-12,125,166.83
20,2024-12,183,364.00
20,2024-12,137,274.24
20,2025-03,125,596.61
20,2025-03,183,228.00
20,2025-06,137,1642.52
20,2025-07,183,213.59
20,2025-07,137,313.87
20,2025-07,125,515.70
20,2025-09,183,353.85
20,2025-09,125,264.09
20,2025-09,137,248.69
20,2025-12,125,1373.33
20,2026-03,125,761.49
20,2026-03,137,241.56
20,2026-06,125,693.33
21,2021-08,76,1900.48
21,2021-08,86,69.41
21,2021-08,97,5351.63
21,2021-08,150,635.75
21,2021-08,173,756.39
21,2021-08,91,1515.64
21,2021-08,168,1293.24
21,2021-08,126,1389.58
21,2021-08,119,656.88
21,2021-09,86,1103.14
21,2021-09,150,655.40
21,2021-09,168,4762.01
21,2021-09,119,237.09
21,2021-09,89,1498.78
21,2021-09,91,4820.31
21,2021-10,126,3579.29
21,2021-10,86,28.84
21,2021-10,173,879.58
21,2021-10,150,1293.31
21,2021-10,119,850.04
21,2021-10,91,620.76
21,2021-10,168,1004.52
21,2021-10,76,2383.85
21,2021-10,81,1498.64
21,2021-10,19,489.15
21,2021-10,97,3089.17
21,2021-10,89,1097.10
21,2021-11,86,816.56
21,2021-11,168,3427.88
21,2021-11,150,770.14
21,2021-11,76,2933.07
21,2021-11,119,633.20
21,2021-11,19,3619.69
21,2021-11,126,146.18
21,2021-12,150,1673.62
21,2021-12,86,3119.00
21,2021-12,126,549.83
21,2021-12,91,351.62
21,2021-12,89,251.07
21,2021-12,173,380.38
21,2021-12,168,1302.86
21,2021-12,19,1128.82
21,2021-12,76,1449.30
21,2021-12,119,368.47
21,2021-12,97,1659.50
21,2021-12,81,0.00
21,2022-01,86,958.12
21,2022-01,150,1140.38
21,2022-01,76,598.08
21,2022-01,173,645.80
21,2022-01,119,442.57
21,2022-01,168,1231.84
21,2022-01,126,67.24
21,2022-01,89,942.49
21,2022-01,91,54.16
21,2022-01,97,1105.03
21,2022-01,19,214.71
21,2022-01,81,282.70
21,2022-02,89,798.89
21,2022-02,173,1443.78
21,2022-02,126,1958.99
21,2022-02,91,1604.90
21,2022-02,150,2304.63
21,2022-02,168,67.66
21,2022-02,76,3371.99
21,2022-02,86,235.02
21,2022-03,150,207.81
21,2022-03,91,5630.12
21,2022-03,89,3848.46
21,2022-03,119,3708.60
21,2022-03,86,1386.06
21,2022-03,126,991.46
21,2022-03,76,6549.23
21,2022-04,86,413.96
21,2022-04,168,241.13
21,2022-04,150,883.51
21,2022-04,119,378.12
21,2022-04,89,2922.01
21,2022-04,81,1666.29
21,2022-04,91,2200.03
21,2022-04,76,467.43
21,2022-04,126,0.00
21,2022-05,168,70.39
21,2022-05,86,1968.32
21,2022-05,173,313.46
21,2022-05,150,1468.99
21,2022-05,170,1365.47
21,2022-05,119,1781.53
21,2022-05,126,206.68
21,2022-05,97,2968.86
21,2022-05,19,1259.49
21,2022-05,76,808.79
21,2022-05,91,1804.46
21,2022-05,81,1079.22
21,2022-06,150,712.77
21,2022-06,86,1383.65
21,2022-06,76,764.57
21,2022-06,173,869.31
21,2022-06,168,188.49
21,2022-06,126,27.06
21,2022-06,119,184.02
21,2022-06,97,1236.97
21,2022-06,89,201.85
21,2022-06,91,224.16
21,2022-06,19,190.31
21,2022-07,168,2357.55
21,2022-07,86,1113.67
21,2022-07,97,1167.06
21,2022-07,126,2312.99
21,2022-07,119,683.91
21,2022-07,76,673.39
21,2022-07,91,72.88
21,2022-07,150,144.52
21,2022-07,81,1196.47
21,2022-07,173,1774.65
21,2022-08,150,78.89
21,2022-08,168,1018.79
21,2022-08,86,634.22
21,2022-08,119,406.17
21,2022-08,76,2978.14
21,2022-08,91,735.86
21,2022-08,170,913.63
21,2022-08,81,723.60
21,2022-08,173,1114.09
21,2022-08,126,455.35
21,2022-08,89,133.82
21,2022-09,97,10.72
21,2022-09,76,540.68
21,2022-09,173,72.98
21,2022-09,150,861.03
21,2022-09,86,549.27
21,2022-09,168,181.26
21,2022-09,91,238.26
21,2022-09,89,2657.52
21,2022-09,126,686.64
21,2022-09,119,639.14
21,2022-10,119,2288.08
21,2022-10,86,1053.67
21,2022-10,91,498.76
21,2022-10,168,300.11
21,2022-10,173,507.72
21,2022-10,89,1336.13
21,2022-10,126,796.94
21,2022-10,150,1103.29
21,2022-10,170,1173.81
21,2022-10,76,562.44
21,2022-11,173,4714.89
21,2022-11,97,2173.37
21,2022-11,119,2092.94
21,2022-11,168,603.64
21,2022-11,150,580.26
21,2022-11,86,353.26
21,2022-12,86,125.60
21,2022-12,119,447.87
21,2022-12,150,223.68
21,2022-12,76,1283.67
21,2022-12,168,165.93
21,2022-12,91,189.67
21,2022-12,173,432.32
21,2022-12,126,203.45
21,2022-12,89,1199.56
21,2022-12,97,920.17
21,2022-12,81,1157.89
21,2022-12,19,360.68
21,2023-01,86,314.69
21,2023-01,168,236.19
21,2023-01,150,183.94
21,2023-01,119,581.84
21,2023-01,76,402.04
21,2023-01,89,513.61
21,2023-01,97,325.49
21,2023-01,91,906.49
21,2023-01,126,416.61
21,2023-01,170,1140.21
21,2023-01,81,206.77
21,2023-02,150,103.13
21,2023-02,126,843.90
21,2023-02,86,395.90
21,2023-02,91,1071.59
21,2023-02,119,293.46
21,2023-02,168,634.44
21,2023-02,97,570.54
21,2023-02,76,468.91
21,2023-02,19,625.01
21,2023-02,173,346.18
21,2023-03,76,177.56
21,2023-03,119,279.81
21,2023-03,126,1039.34
21,2023-03,86,377.09
21,2023-03,91,574.83
21,2023-03,150,413.38
21,2023-03,168,643.36
21,2023-03,97,540.53
21,2023-03,173,1270.75
21,2023-04,76,522.66
21,2023-04,86,981.20
21,2023-04,119,396.53
21,2023-04,91,1831.44
21,2023-04,173,338.24
21,2023-04,150,2323.83
21,2023-04,168,444.66
21,2023-07,86,901.06
21,2023-07,126,252.73
21,2023-07,119,511.48
21,2023-07,91,224.33
21,2023-07,89,509.00
21,2023-07,150,645.27
21,2023-07,173,849.00
21,2023-07,168,1023.84
21,2023-07,170,1031.76
21,2023-07,97,1307.45
21,2023-08,119,1263.11
21,2023-08,150,1453.32
21,2023-08,168,544.28
21,2023-08,86,758.19
21,2023-08,76,507.13
21,2023-08,91,364.89
21,2023-08,173,219.87
21,2023-08,89,182.74
21,2023-09,119,1493.09
21,2023-09,86,1493.61
21,2023-09,150,2449.91
21,2023-09,168,677.35
21,2023-09,76,2455.33
21,2023-09,81,133.92
21,2023-09,126,595.33
21,2023-10,150,521.78
21,2023-10,173,1480.23
21,2023-10,91,514.64
21,2023-10,86,531.70
21,2023-10,76,2822.28
21,2023-10,19,138.30
21,2023-10,97,1321.76
21,2023-10,89,1604.57
21,2023-11,173,518.65
21,2023-11,119,694.26
21,2023-11,91,717.83
21,2023-11,86,491.37
21,2023-11,89,224.63
21,2023-11,97,490.59
21,2023-11,76,588.98
21,2023-11,126,0.00
21,2023-12,150,621.69
21,2023-12,86,530.54
21,2023-12,119,980.30
21,2023-12,89,286.01
21,2023-12,168,240.33
21,2023-12,173,1180.55
21,2024-01,86,61.02
21,2024-01,168,521.32
21,2024-01,173,233.83
21,2024-01,76,28.20
21,2024-01,150,15.33
21,2024-01,89,632.26
21,2024-01,119,438.42
21,2024-01,91,152.92
21,2024-02,86,129.26
21,2024-02,91,269.44
21,2024-02,150,139.10
21,2024-02,76,289.16
21,2024-02,97,610.15
21,2024-02,168,204.32
21,2024-02,89,98.79
21,2024-02,119,211.69
21,2024-02,19,202.98
21,2024-03,86,423.12
21,2024-03,168,365.98
21,2024-03,91,259.80
21,2024-03,97,60.69
21,2024-03,119,86.00
21,2024-03,150,27.53
21,2024-03,76,31.62
21,2024-03,126,135.45
21,2024-03,89,387.75
21,2024-03,173,467.90
21,2024-04,86,50.46
21,2024-04,89,67.07
21,2024-04,91,566.73
21,2024-04,119,73.49
21,2024-04,97,92.94
21,2024-04,126,202.73
21,2024-04,76,159.15
21,2024-04,150,145.97
21,2024-04,173,394.60
21,2024-04,168,436.95
21,2024-05,86,131.00
21,2024-05,76,188.17
21,2024-05,119,47.55
21,2024-05,170,852.57
21,2024-05,89,381.70
21,2024-05,173,50.89
21,2024-05,168,125.68
21,2024-05,150,589.82
21,2024-05,19,171.73
21,2024-06,119,432.87
21,2024-06,86,435.05
21,2024-06,150,525.33
21,2024-06,89,72.16
21,2024-06,126,326.08
21,2024-06,19,169.35
21,2024-07,86,321.06
21,2024-07,173,67.49
21,2024-07,89,239.64
21,2024-07,126,54.45
21,2024-07,168,317.76
21,2024-07,119,327.78
21,2024-07,150,462.48
21,2024-07,76,5.39
21,2024-08,86,20.99
21,2024-08,119,54.94
21,2024-08,76,191.58
21,2024-08,168,31.53
21,2024-08,150,439.95
21,2024-08,91,176.33
21,2024-08,81,92.25
21,2024-08,173,87.50
21,2024-08,126,157.99
21,2024-08,97,144.98
21,2024-08,89,418.75
21,2024-08,170,61.97
22,2021-11,103,217.69
22,2021-11,80,968.62
22,2022-01,80,501.09
22,2022-01,103,416.34
22,2022-01,90,0.00
22,2022-08,103,395.08
22,2022-08,90,606.24
22,2022-12,103,1226.55
22,2022-12,90,16.63
22,2023-01,103,0.00
22,2023-01,90,0.00
22,2023-03,80,161.39
22,2023-03,103,258.55
22,2023-03,90,575.47
22,2024-01,103,828.25
22,2024-01,90,346.05
22,2024-04,103,1249.41
22,2024-04,80,45.07
22,2024-05,103,809.06
22,2024-05,90,281.17
22,2024-05,80,177.63
22,2024-06,90,2047.22
22,2024-08,103,235.44
22,2024-08,90,822.25
22,2024-08,80,637.18
22,2024-12,103,721.97
22,2024-12,90,327.90
22,2024-12,80,733.16
22,2025-05,80,0.00
22,2025-09,103,938.74
22,2025-09,90,766.99
22,2025-11,103,1261.87
22,2026-01,103,954.28
22,2026-03,90,2418.50
22,2026-06,103,1843.54
22,2026-06,80,77.96
22,2026-06,90,702.09
23,2024-05,184,145.77
23,2024-06,106,126.21
23,2024-06,38,134.10
23,2024-07,184,131.70
23,2024-07,38,122.46
23,2024-09,38,72.24
23,2024-09,184,98.03
23,2024-10,184,75.70
23,2024-10,106,75.89
23,2024-10,38,30.33
23,2024-11,38,88.46
23,2024-11,184,146.01
23,2024-11,106,20.02
23,2024-12,184,173.71
23,2024-12,38,64.57
23,2025-01,184,57.45
23,2025-01,38,33.79
23,2025-02,184,65.38
23,2025-02,106,56.93
23,2025-03,184,44.31
23,2025-03,106,156.94
23,2025-04,184,63.21
23,2025-04,38,32.59
23,2025-04,106,9.32
23,2025-05,38,141.28
23,2025-06,106,36.12
23,2025-06,184,119.34
23,2025-07,184,50.73
23,2025-07,106,66.84
23,2025-07,38,22.58
23,2025-08,38,44.81
23,2025-08,184,50.23
23,2025-08,106,97.51
23,2025-09,184,83.19
23,2025-09,38,144.88
23,2025-10,38,6.00
23,2025-10,184,156.14
23,2025-11,184,72.39
23,2025-11,106,158.08
23,2025-11,38,0.00
23,2025-12,38,3.56
23,2025-12,184,154.69
23,2026-01,184,43.91
23,2026-01,38,26.47
23,2026-01,106,3.14
23,2026-02,184,68.76
23,2026-02,106,15.14
23,2026-03,184,16.98
23,2026-03,106,42.83
23,2026-03,38,30.37
23,2026-04,106,47.15
23,2026-04,184,108.34
23,2026-05,106,75.73
23,2026-06,38,111.18
23,2026-06,106,20.21
23,2026-07,184,72.81
23,2026-07,106,21.75
24,2021-08,163,646.33
24,2021-08,197,1010.71
24,2021-08,169,6616.71
24,2021-08,109,7814.76
24,2021-08,171,2431.40
24,2021-08,115,122.65
24,2021-08,198,3095.41
24,2021-08,119,1071.55
24,2021-08,195,48.49
24,2021-08,107,3251.09
24,2021-08,112,1190.74
24,2021-08,15,3608.31
24,2021-08,98,1677.22
24,2021-08,174,1003.06
24,2021-08,126,4201.72
24,2021-08,100,2431.37
24,2021-09,119,157.29
24,2021-09,168,2232.34
24,2021-09,115,188.75
24,2021-09,112,500.60
24,2021-09,171,5322.64
24,2021-09,15,1229.81
24,2021-09,107,177.79
24,2021-09,195,171.75
24,2021-09,100,239.76
24,2021-09,113,1018.53
24,2021-09,109,303.26
24,2021-09,174,1450.80
24,2021-09,197,997.61
24,2021-09,198,2368.69
24,2021-09,98,1989.77
24,2021-09,163,1248.97
24,2021-09,72,1048.27
24,2021-10,115,889.21
24,2021-10,100,691.01
24,2021-10,15,249.03
24,2021-10,168,4280.85
24,2021-10,163,1552.59
24,2021-10,171,531.07
24,2021-10,109,2720.05
24,2021-10,119,1256.27
24,2021-10,113,1554.20
24,2021-10,106,813.33
24,2021-10,198,2852.27
24,2021-10,126,2692.86
24,2021-10,72,172.45
24,2021-12,168,2632.69
24,2021-12,119,4545.78
24,2021-12,171,4414.52
24,2021-12,109,977.79
24,2021-12,163,2927.11
24,2021-12,113,878.45
24,2021-12,15,1035.48
24,2021-12,115,239.11
24,2021-12,169,1851.63
24,2021-12,100,812.17
24,2022-01,106,825.59
24,2022-01,112,4830.89
24,2022-01,115,809.67
24,2022-01,171,1477.65
24,2022-01,119,3911.24
24,2022-01,198,2957.06
24,2022-01,163,1211.95
24,2022-01,15,2658.10
24,2022-01,107,2260.71
24,2022-01,168,1964.60
24,2022-02,113,1970.77
24,2022-02,15,1019.66
24,2022-02,100,1454.97
24,2022-02,112,1874.60
24,2022-02,72,745.68
24,2022-02,119,1397.47
24,2022-02,174,681.27
24,2022-02,197,467.22
24,2022-02,171,842.41
24,2022-02,107,1127.33
24,2022-02,115,2412.42
24,2022-02,168,2533.42
24,2022-02,169,2496.14
24,2022-02,198,1494.45
24,2022-02,106,2311.94
24,2022-02,109,4360.49
24,2022-02,163,3216.82
24,2022-02,126,1626.77
24,2022-02,195,749.07
24,2022-03,113,145.15
24,2022-03,171,2434.80
24,2022-03,163,1376.13
24,2022-03,112,228.05
24,2022-03,98,1454.67
24,2022-03,107,3446.45
24,2022-03,119,864.21
24,2022-03,115,1108.19
24,2022-03,15,641.72
24,2022-03,168,3289.35
24,2022-03,198,199.03
24,2022-03,197,1764.11
24,2022-03,126,1559.66
24,2022-03,129,5213.36
24,2022-03,100,4559.17
24,2022-03,195,2767.33
24,2022-03,106,2592.18
24,2022-04,115,2677.15
24,2022-04,171,2093.32
24,2022-04,119,3887.30
24,2022-04,195,2072.21
24,2022-04,113,728.30
24,2022-04,163,1952.86
24,2022-04,15,4507.43
24,2022-04,107,3762.79
24,2022-04,168,2429.48
24,2022-04,106,187.45
24,2022-05,109,5511.69
24,2022-05,169,3551.56
24,2022-05,112,4241.81
24,2022-05,171,1038.72
24,2022-05,115,1106.57
24,2022-05,126,1816.14
24,2022-05,113,907.93
24,2022-05,195,4177.04
24,2022-05,15,3141.52
24,2022-05,168,3297.51
24,2022-05,119,1216.22
24,2022-05,174,5333.96
24,2022-05,107,5568.47
24,2022-05,106,2048.76
24,2022-05,100,43.97
24,2022-05,163,1414.80
24,2022-06,163,822.50
24,2022-06,168,1287.17
24,2022-06,112,2141.81
24,2022-06,198,810.64
24,2022-06,119,300.91
24,2022-06,15,931.60
24,2022-06,106,1765.82
24,2022-06,171,1812.34
24,2022-06,115,580.28
24,2022-06,113,1107.36
24,2022-06,107,2127.36
24,2022-06,109,4137.15
24,2022-06,169,1722.58
24,2022-06,195,4706.15
24,2022-06,100,259.46
24,2022-06,98,1462.55
24,2022-06,174,1148.28
24,2022-07,171,714.17
24,2022-07,113,1488.43
24,2022-07,106,5134.45
24,2022-07,100,5040.07
24,2022-07,119,792.15
24,2022-07,107,3163.52
24,2022-07,112,1635.51
24,2022-07,115,1716.66
24,2022-07,163,2742.79
24,2022-07,195,2218.29
24,2022-07,198,906.67
24,2022-07,168,2759.65
24,2022-07,15,2010.74
24,2022-07,109,4740.50
24,2022-07,169,1798.15
24,2022-07,194,578.39
24,2022-07,197,1009.09
24,2022-07,174,937.74
24,2022-08,107,2183.60
24,2022-08,112,11619.39
24,2022-08,98,574.96
24,2022-08,171,1020.87
24,2022-08,15,5156.56
24,2022-08,126,9689.83
24,2022-08,119,4269.64
24,2022-08,174,4749.62
24,2022-08,106,7437.34
24,2022-08,163,2040.98
24,2022-08,168,1004.14
24,2022-08,113,4393.93
24,2022-08,115,4337.32
24,2022-08,198,4394.39
24,2022-09,168,2412.81
24,2022-09,107,3598.53
24,2022-09,100,262.74
24,2022-09,72,3556.89
24,2022-09,15,2536.43
24,2022-09,171,1072.48
24,2022-09,115,1063.25
24,2022-09,106,1595.48
24,2022-09,174,693.13
24,2022-09,163,515.75
24,2022-09,113,4902.70
24,2022-09,112,1847.88
24,2022-09,119,1140.48
24,2022-09,126,933.61
24,2022-09,195,529.66
24,2022-09,109,1879.39
24,2022-09,194,1937.23
24,2022-09,197,1961.68
24,2022-09,169,1128.31
24,2022-09,198,292.65
24,2022-10,109,3884.78
24,2022-10,168,1593.40
24,2022-10,174,3144.39
24,2022-10,171,1272.14
24,2022-10,112,516.21
24,2022-10,115,1929.30
24,2022-10,107,776.16
24,2022-10,113,2786.64
24,2022-10,15,681.45
24,2022-10,100,4574.26
24,2022-10,195,1249.12
24,2022-10,119,2513.61
24,2022-10,106,101.16
24,2022-11,171,2183.13
24,2022-11,107,4042.04
24,2022-11,119,7110.13
24,2022-11,109,1863.98
24,2022-11,198,960.33
24,2022-11,195,3377.03
24,2022-11,115,3618.91
24,2022-11,106,623.73
24,2022-11,113,466.80
24,2022-11,126,806.89
24,2022-11,168,6100.59
24,2022-11,163,1017.52
24,2022-12,112,3215.12
24,2022-12,100,2005.96
24,2022-12,15,2425.82
24,2022-12,109,2108.23
24,2022-12,163,560.61
24,2022-12,126,322.63
24,2022-12,72,561.07
24,2022-12,115,2792.76
24,2022-12,113,4495.73
24,2022-12,174,3434.17
24,2022-12,168,435.75
24,2022-12,171,3074.38
24,2022-12,106,2375.76
24,2022-12,119,1123.40
24,2022-12,169,1770.42
24,2022-12,195,1422.65
24,2022-12,197,2740.44
24,2022-12,198,1199.01
24,2022-12,107,2113.25
24,2023-01,119,2916.31
24,2023-01,100,631.99
24,2023-01,198,3089.63
24,2023-01,163,5005.92
24,2023-01,112,5763.15
24,2023-01,106,4102.58
24,2023-01,113,1177.20
24,2023-01,169,399.25
24,2023-01,171,644.52
24,2023-01,194,6597.71
24,2023-01,15,6727.78
24,2023-01,115,4699.77
24,2023-01,126,3925.70
24,2023-01,72,2098.04
24,2023-02,100,2900.90
24,2023-02,112,4890.59
24,2023-02,15,358.37
24,2023-02,115,1555.00
24,2023-02,197,1470.36
24,2023-02,163,3866.91
24,2023-02,195,6134.92
24,2023-02,113,972.00
24,2023-02,168,3659.54
24,2023-02,171,2146.15
24,2023-02,109,825.40
24,2023-03,113,2356.39
24,2023-03,168,419.78
24,2023-03,198,2155.85
24,2023-03,169,513.29
24,2023-03,115,6754.85
24,2023-03,109,5259.91
24,2023-03,171,3093.84
24,2023-03,119,1498.85
24,2023-03,100,7870.53
24,2023-03,195,823.34
24,2023-03,126,1347.82
24,2023-03,106,1634.55
24,2023-03,107,2213.38
24,2023-03,98,3678.01
24,2023-03,112,326.45
24,2023-03,163,2683.96
24,2023-03,174,747.00
24,2023-03,197,591.69
24,2023-03,15,7143.36
24,2023-03,129,3813.88
24,2023-04,107,84.32
24,2023-04,15,4255.07
24,2023-04,119,3970.23
24,2023-04,168,6656.66
24,2023-04,195,283.44
24,2023-04,115,3477.90
24,2023-04,100,4346.16
24,2023-04,198,157.57
24,2023-04,171,67.34
24,2023-04,197,4711.37
24,2023-04,112,4776.65
24,2023-04,109,6127.57
24,2023-04,163,8970.41
24,2023-04,113,6988.63
24,2023-04,169,3062.91
24,2023-04,98,3536.07
24,2023-04,106,6443.26
24,2023-04,194,0.00
24,2023-05,98,4817.53
24,2023-05,195,2101.37
24,2023-05,198,2996.71
24,2023-05,163,5366.77
24,2023-05,119,3121.28
24,2023-05,171,2333.67
24,2023-05,115,4758.09
24,2023-05,15,872.56
24,2023-05,100,14967.53
24,2023-05,129,2696.98
24,2023-05,168,2402.89
24,2023-05,109,10952.49
24,2023-05,197,6529.58
24,2023-05,112,1991.59
24,2023-05,72,7936.48
24,2023-06,15,2858.70
24,2023-06,198,222.85
24,2023-06,113,2354.07
24,2023-06,115,830.47
24,2023-06,171,1822.33
24,2023-06,112,933.16
24,2023-06,106,5316.44
24,2023-06,174,5080.50
24,2023-06,107,1079.29
24,2023-06,100,5568.10
24,2023-06,168,1043.83
24,2023-06,72,1122.14
24,2023-06,197,1024.09
24,2023-06,126,522.07
24,2023-07,115,1863.87
24,2023-07,100,2552.15
24,2023-07,15,4678.32
24,2023-07,126,738.05
24,2023-07,112,2073.86
24,2023-07,119,1769.65
24,2023-07,171,2121.50
24,2023-07,106,9065.61
24,2023-07,163,999.79
24,2023-07,168,1150.63
24,2023-07,198,225.23
24,2023-07,169,142.98
24,2023-07,174,1184.91
24,2023-07,72,2192.08
24,2023-07,197,1483.96
24,2023-07,195,275.70
24,2023-07,113,476.64
24,2023-07,98,1490.11
24,2023-07,109,421.01
24,2023-08,163,5899.44
24,2023-08,119,3403.64
24,2023-08,126,1214.90
24,2023-08,198,1307.82
24,2023-08,171,897.25
24,2023-08,115,918.07
24,2023-08,113,3123.25
24,2023-08,195,1405.62
24,2023-08,15,1420.30
24,2023-08,112,1843.97
24,2023-08,100,2473.49
24,2023-08,168,3092.58
24,2023-08,109,730.64
24,2023-08,106,1466.15
24,2023-08,72,1141.03
24,2023-08,107,782.41
24,2023-08,169,1868.19
24,2023-09,98,3196.62
24,2023-09,106,5180.37
24,2023-09,197,1866.01
24,2023-09,198,4658.48
24,2023-09,112,2083.91
24,2023-09,15,5507.09
24,2023-09,168,3708.71
24,2023-09,115,7011.38
24,2023-09,163,1218.42
24,2023-09,119,1121.64
24,2023-09,100,3639.32
24,2023-11,174,1796.16
24,2023-11,163,5808.05
24,2023-11,171,1006.93
24,2023-11,119,4533.30
24,2023-11,113,7565.56
24,2023-11,15,1677.00
24,2023-11,126,4122.86
24,2023-11,115,2924.18
24,2023-11,168,607.76
24,2023-11,198,1766.27
24,2023-11,107,1740.03
24,2023-11,197,13691.12
24,2023-11,112,5481.03
24,2023-11,195,736.29
24,2023-11,72,3370.55
24,2023-12,72,8699.79
24,2023-12,106,8079.12
24,2023-12,168,1948.68
24,2023-12,107,4074.28
24,2023-12,15,983.12
24,2023-12,197,535.55
24,2023-12,171,13323.32
24,2023-12,119,1200.80
24,2023-12,112,3175.18
24,2023-12,198,4956.67
24,2023-12,109,1302.28
24,2023-12,100,1407.04
24,2023-12,115,5409.25
24,2023-12,163,1112.26
24,2024-01,115,1687.10
24,2024-01,119,81.98
24,2024-01,174,2006.87
24,2024-01,198,697.28
24,2024-01,195,228.57
24,2024-01,15,11653.11
24,2024-01,163,971.28
24,2024-01,100,3563.60
24,2024-01,171,8105.34
24,2024-01,168,6409.36
24,2024-02,15,1843.39
24,2024-02,100,5477.37
24,2024-02,171,5541.24
24,2024-02,169,275.50
24,2024-02,168,2303.19
24,2024-02,112,2431.59
24,2024-02,113,2842.68
24,2024-02,115,3737.43
24,2024-02,163,3087.10
24,2024-02,106,895.18
24,2024-02,126,244.05
24,2024-02,72,1589.31
24,2024-02,107,1349.46
24,2024-03,15,2839.56
24,2024-03,109,389.11
24,2024-03,169,2409.10
24,2024-03,112,550.01
24,2024-03,119,1905.17
24,2024-03,113,939.49
24,2024-03,163,3329.67
24,2024-03,115,619.56
24,2024-03,106,6846.69
24,2024-03,171,4840.23
24,2024-03,197,3125.75
24,2024-03,100,1212.67
24,2024-03,198,6443.13
24,2024-03,98,441.14
24,2024-03,168,883.38
24,2024-03,107,567.42
24,2024-03,126,939.60
24,2024-03,72,209.69
24,2024-03,195,300.14
24,2024-03,174,252.18
24,2024-05,115,3185.37
24,2024-05,171,3752.68
24,2024-05,109,1915.97
24,2024-05,168,963.81
24,2024-05,119,1047.39
24,2024-05,113,5049.88
24,2024-05,112,4779.44
24,2024-05,126,2981.58
24,2024-05,198,4945.91
24,2024-05,100,1469.95
24,2024-05,163,957.16
24,2024-06,171,5932.98
24,2024-06,119,1945.46
24,2024-06,100,4473.89
24,2024-06,163,2047.98
24,2024-06,112,3804.39
24,2024-06,198,2153.72
24,2024-06,115,1130.10
24,2024-06,107,874.70
24,2024-06,106,1495.96
24,2024-06,169,2346.68
24,2024-06,195,1660.69
24,2024-06,126,8754.13
24,2024-06,168,372.74
24,2024-06,15,1824.22
24,2024-06,113,1245.48
24,2024-06,197,6501.61
24,2024-06,109,3420.17
24,2024-07,171,2279.46
24,2024-07,126,378.11
24,2024-07,113,6581.35
24,2024-07,115,751.73
24,2024-07,109,6767.66
24,2024-07,168,940.92
24,2024-07,112,5431.88
24,2024-07,169,4292.38
24,2024-07,119,4018.49
24,2024-07,100,3657.20
24,2024-07,194,2359.58
24,2024-07,195,2310.91
24,2024-07,15,775.63
24,2024-07,163,923.04
24,2024-07,198,1783.99
24,2024-07,197,1284.56
24,2024-07,98,2206.26
24,2024-08,169,7187.82
24,2024-08,115,2120.00
24,2024-08,106,721.15
24,2024-08,113,4591.06
24,2024-08,112,2298.11
24,2024-08,168,137.04
24,2024-08,100,5076.52
24,2024-08,15,4728.16
24,2024-08,109,2870.44
24,2024-08,171,6261.58
24,2024-08,195,6340.28
24,2024-08,98,5022.80
24,2024-08,198,3436.95
24,2024-08,163,5243.52
24,2024-08,107,598.58
24,2024-08,197,6544.36
24,2024-08,119,2601.28
24,2024-10,119,930.22
24,2024-10,126,1580.51
24,2024-10,168,5521.61
24,2024-10,112,1138.50
24,2024-10,15,3448.58
24,2024-10,113,5116.92
24,2024-10,163,440.94
24,2024-10,100,484.31
24,2024-10,115,13489.35
24,2024-10,197,5362.70
24,2024-11,115,1148.44
24,2024-11,171,4873.32
24,2024-11,100,3833.41
24,2024-11,112,5221.37
24,2024-11,195,1523.92
24,2024-11,119,2805.71
24,2024-11,168,1408.32
24,2024-11,113,351.71
24,2024-11,126,3351.72
24,2024-11,197,3275.11
24,2024-11,106,1998.16
24,2024-11,109,2052.83
24,2024-11,198,4887.47
24,2024-11,15,1634.62
24,2024-12,15,5178.22
24,2024-12,107,1176.56
24,2024-12,171,1610.34
24,2024-12,112,2841.47
24,2024-12,109,2976.77
24,2024-12,198,695.42
24,2024-12,168,2085.18
24,2024-12,106,1485.31
24,2024-12,115,3239.25
24,2024-12,197,3089.41
24,2024-12,169,275.10
24,2024-12,163,2345.62
24,2024-12,119,1265.75
24,2024-12,113,5016.45
24,2024-12,100,517.33
24,2024-12,195,1742.53
24,2024-12,126,1946.60
24,2024-12,72,4168.00
24,2025-01,171,1290.84
24,2025-01,119,1379.47
24,2025-01,126,2338.00
24,2025-01,198,4116.86
24,2025-01,112,991.84
24,2025-01,115,2951.57
24,2025-01,113,3473.67
24,2025-01,168,433.74
24,2025-01,72,1909.57
24,2025-01,107,105.83
24,2025-01,163,651.34
24,2025-01,98,3986.72
24,2025-01,100,1514.51
24,2025-01,106,1965.47
24,2025-01,197,2323.34
24,2025-01,169,538.74
24,2025-01,195,2966.12
24,2025-03,112,745.38
24,2025-03,163,3052.51
24,2025-03,198,3055.90
24,2025-03,171,4357.76
24,2025-03,115,9761.76
24,2025-03,195,5392.79
24,2025-03,15,4546.26
24,2025-03,100,6829.71
24,2025-03,72,3520.20
24,2025-03,174,5110.66
24,2025-03,126,1709.09
24,2025-03,119,1886.91
24,2025-04,115,2987.37
24,2025-04,168,1063.81
24,2025-04,197,3943.43
24,2025-04,171,776.35
24,2025-04,98,6117.85
24,2025-04,106,4491.12
24,2025-04,195,630.66
24,2025-04,113,293.07
24,2025-04,15,2295.83
24,2025-04,107,5848.21
24,2025-04,119,14546.29
24,2025-04,112,195.60
24,2025-04,100,1479.43
24,2025-04,163,5858.94
24,2025-04,109,3081.78
24,2025-04,198,4162.43
24,2025-04,169,2450.77
24,2025-04,126,6245.86
24,2025-04,72,427.22
24,2025-05,115,6105.17
24,2025-05,98,5607.07
24,2025-05,171,5046.41
24,2025-05,119,2091.76
24,2025-05,195,3276.31
24,2025-05,198,545.71
24,2025-05,109,1868.10
24,2025-05,168,1972.68
24,2025-05,15,4243.23
24,2025-05,107,2297.29
24,2025-05,113,5608.39
24,2025-05,169,1401.21
24,2025-05,112,909.75
24,2025-05,163,2918.23
24,2025-05,100,8599.72
24,2025-05,106,663.32
24,2025-05,72,2232.30
24,2025-06,198,136.26
24,2025-06,119,3451.25
24,2025-06,115,2696.99
24,2025-06,112,2541.66
24,2025-06,109,2545.21
24,2025-06,100,1257.19
24,2025-06,197,3761.53
24,2025-06,171,2811.70
24,2025-06,107,1262.91
24,2025-06,113,287.64
24,2025-06,15,2683.27
24,2025-06,106,1259.96
24,2025-06,163,2063.46
24,2025-06,168,1055.82
24,2025-06,174,1753.23
24,2025-07,15,3164.76
24,2025-07,119,3494.17
24,2025-07,168,2997.51
24,2025-07,112,2360.77
24,2025-07,115,2215.68
24,2025-07,171,1720.33
24,2025-07,126,5919.67
24,2025-07,113,6303.48
24,2025-07,163,4308.92
24,2025-07,100,2802.20
24,2025-07,98,2802.80
24,2025-07,195,6787.08
24,2025-07,198,585.40
24,2025-07,109,2317.55
24,2025-07,106,3685.50
24,2025-07,169,7286.10
24,2025-08,112,2018.32
24,2025-08,15,957.07
24,2025-08,195,1466.48
24,2025-08,198,1140.96
24,2025-08,168,1687.10
24,2025-08,113,24.44
24,2025-08,115,3756.74
24,2025-08,119,3361.50
24,2025-08,163,2079.36
24,2025-08,106,988.39
24,2025-08,126,2493.76
24,2025-08,100,499.11
24,2025-08,171,2851.38
24,2025-08,109,645.32
24,2025-08,107,482.92
24,2025-08,197,265.66
24,2025-08,98,4163.33
24,2025-08,169,5181.93
24,2025-08,72,1867.09
24,2025-10,198,7289.03
24,2025-10,15,1872.10
24,2025-10,168,1061.10
24,2025-10,115,6525.12
24,2025-10,112,2322.08
24,2025-10,171,359.53
24,2025-10,119,11578.24
24,2025-10,100,944.59
24,2025-10,163,8792.89
24,2025-10,98,3802.84
24,2025-11,115,1057.28
24,2025-11,168,18794.17
24,2025-11,106,5871.79
24,2025-11,163,4531.88
24,2025-11,98,26336.25
24,2025-11,171,10415.09
24,2025-11,107,1084.06
24,2025-11,119,13765.16
24,2025-11,109,8389.39
24,2025-11,169,3091.00
24,2025-11,100,2423.18
24,2025-11,113,0.00
24,2025-12,168,2185.06
24,2025-12,171,2520.28
24,2025-12,112,5318.61
24,2025-12,98,5209.03
24,2025-12,115,3943.24
24,2025-12,119,4707.05
24,2025-12,195,4612.13
24,2025-12,109,235.88
24,2025-12,15,6284.24
24,2025-12,129,1162.31
24,2025-12,163,4961.43
24,2025-12,113,313.91
24,2026-02,171,350.80
24,2026-02,15,530.60
24,2026-02,72,421.17
24,2026-02,100,2636.56
24,2026-02,115,2051.37
24,2026-02,169,15.99
24,2026-02,198,5918.22
24,2026-02,112,1093.56
24,2026-02,113,6441.26
24,2026-02,106,3920.93
24,2026-02,197,1939.47
24,2026-02,109,2498.45
24,2026-02,195,5718.37
24,2026-03,72,5655.80
24,2026-03,197,2804.10
24,2026-03,163,2236.17
24,2026-03,98,3242.84
24,2026-03,119,6906.05
24,2026-03,115,4373.36
24,2026-03,112,2815.98
24,2026-03,15,2756.68
24,2026-03,168,820.26
24,2026-03,195,3805.10
24,2026-03,107,592.91
24,2026-03,109,1945.76
24,2026-03,171,1403.10
24,2026-03,174,4889.10
24,2026-03,113,1620.24
24,2026-03,100,2995.76
24,2026-03,169,3252.14
24,2026-03,126,2552.94
24,2026-03,106,1500.47
24,2026-03,198,2972.56
24,2026-04,171,7157.41
24,2026-04,98,4048.27
24,2026-04,115,742.46
24,2026-04,106,4066.64
24,2026-04,119,2962.97
24,2026-04,109,2475.64
24,2026-04,195,1685.59
24,2026-04,112,885.48
24,2026-04,15,2758.48
24,2026-04,198,7943.59
24,2026-04,174,960.52
24,2026-04,168,1133.83
24,2026-04,107,2930.51
24,2026-04,163,5060.84
24,2026-04,113,750.72
24,2026-04,169,610.73
24,2026-04,100,4663.78
24,2026-04,72,294.20
24,2026-05,112,3105.64
24,2026-05,15,10546.75
24,2026-05,195,3513.49
24,2026-05,115,2601.88
24,2026-05,100,11110.28
24,2026-05,106,8045.77
24,2026-05,168,4976.15
24,2026-05,197,227.21
24,2026-05,119,12080.44
24,2026-05,171,3218.93
24,2026-05,109,7647.02
24,2026-05,113,7027.44
24,2026-06,112,722.54
24,2026-06,195,833.77
24,2026-06,126,3377.79
24,2026-06,171,1692.83
24,2026-06,197,3641.77
24,2026-06,100,8122.55
24,2026-06,119,3274.21
24,2026-06,163,7425.95
24,2026-06,169,1437.39
24,2026-06,168,7556.02
24,2026-06,115,3995.91
24,2026-06,113,1177.64
24,2026-06,109,4438.71
24,2026-06,198,5278.01
24,2026-06,15,2492.00
24,2026-06,106,7113.59
24,2026-06,72,871.78
24,2026-06,107,1340.23
24,2026-07,168,5036.88
24,2026-07,115,364.63
24,2026-07,107,3119.70
24,2026-07,112,4180.10
24,2026-07,119,1346.18
24,2026-07,195,1285.43
24,2026-07,100,477.21
24,2026-07,113,8404.15
24,2026-07,163,1061.57
24,2026-07,15,7118.67
24,2026-07,98,4871.53
24,2026-07,72,1282.04
24,2026-07,109,3765.30
24,2026-07,169,615.53
24,2026-07,174,1588.24
25,2025-06,143,98.59
25,2025-06,39,97.60
25,2025-07,143,91.30
25,2025-07,39,71.73
25,2025-07,32,81.28
25,2025-08,39,81.66
25,2025-08,32,74.32
25,2025-08,143,255.19
25,2025-08,34,0.00
25,2025-09,143,31.76
25,2025-09,32,68.71
25,2025-09,39,17.72
25,2025-09,34,46.12
25,2025-10,143,94.11
25,2025-10,39,13.30
25,2025-10,32,87.29
25,2025-11,32,283.15
25,2025-11,39,61.01
25,2025-12,32,132.72
25,2025-12,39,42.20
25,2025-12,143,81.07
25,2025-12,34,72.02
25,2026-01,143,21.24
25,2026-01,32,126.88
25,2026-01,39,15.98
